z(m),p_tot(bar),T(K),p_H2O(bar),p_CO2(bar),p_CO(bar),p_H2(bar),p_CH4(bar),p_O2(bar)
0.0,250.36370000000002,2138.213,115.13510000000001,134.2286,NaN,NaN,NaN,NaN
1225.42443474361,245.00378252523848,2131.6737020119735,112.6702273589246,131.35496369109111,NaN,NaN,NaN,NaN
2447.484730833944,239.75861297653915,2125.1472499420624,110.24945623548723,128.55145136851203,NaN,NaN,NaN,NaN
3666.186330815914,234.62573536118646,2118.6341499804867,107.88085542196619,125.80761607684785,NaN,NaN,NaN,NaN
4881.53551677011,229.6027439138896,2112.134457960666,105.56332019229707,123.12216639790812,NaN,NaN,NaN,NaN
6093.537301953787,224.68728958009052,2105.64823334424,103.2957438317704,120.4938691788051,NaN,NaN,NaN,NaN
7302.198674071279,219.8770656200467,2099.175523649023,101.07704020226451,117.92151284412705,NaN,NaN,NaN,NaN
8507.524931171452,215.16982147069453,2092.7163836965283,98.90615013446673,115.40391481034328,NaN,NaN,NaN,NaN
9709.521937125934,210.56335248595133,2086.2708637837413,96.78203668399756,112.93991601077089,NaN,NaN,NaN,NaN
10908.194444622874,206.0555053709605,2079.8390185136946,94.70368756801835,110.52838387104507,NaN,NaN,NaN,NaN
12103.550550233049,201.6441604707363,2073.420883351612,92.67010698832449,108.1682028451767,NaN,NaN,NaN,NaN
13295.595007644582,197.32725596798508,2067.016509834749,90.68032668674574,105.85828746078688,NaN,NaN,NaN,NaN
14484.333688737797,193.10277003288547,2060.625942105982,88.73339773309388,103.59757275221222,NaN,NaN,NaN,NaN
15669.772467692168,188.96872412001272,2054.249222797065,86.82839197732919,101.38501609162122,NaN,NaN,NaN,NaN
16851.917221071195,184.9231820416879,2047.8863930408993,84.9644015909564,99.21959672442856,NaN,NaN,NaN,NaN
18030.772733338956,180.96425270845006,2041.5374982687474,83.14054028904152,97.10031727652152,NaN,NaN,NaN,NaN
19206.348169627643,177.09007100519423,2035.202559299171,81.35593451290592,95.02619352392001,NaN,NaN,NaN,NaN
20378.64613049145,173.2988333956836,2028.8816301986683,79.60973973245746,92.99627355221982,NaN,NaN,NaN,NaN
21547.67142625329,169.58876743586143,2022.5747519425079,77.90112644941311,91.00962138862323,NaN,NaN,NaN,NaN
22713.434293807535,165.95812168817056,2016.281935352099,76.22927549904198,89.06531165435467,NaN,NaN,NaN,NaN
23875.938448252804,162.40520271887675,2010.0032243605992,74.59339500624522,87.16244945770148,NaN,NaN,NaN,NaN
25035.189784077844,158.9283465121279,2003.7386499803742,72.99270726702859,85.30015504098048,NaN,NaN,NaN,NaN
26191.19419835805,155.52592467620042,1997.4882418349139,71.42645154103639,83.47756716900624,NaN,NaN,NaN,NaN
27343.95759072897,152.1963436808376,1991.252028174745,69.8938836826465,81.69384273824618,NaN,NaN,NaN,NaN
28493.48586334857,148.9380441109206,1985.030035893201,68.39427577290047,79.94815640135864,NaN,NaN,NaN,NaN
29639.784920852,145.74949993611122,1978.8222905422663,66.92691575981983,78.23970019926072,NaN,NaN,NaN,NaN
30782.860670297654,142.62921779613202,1972.628816348942,65.49110710692521,76.56768320057492,NaN,NaN,NaN,NaN
31922.71902110338,139.57573630135124,1966.4496362316927,64.08616844976554,74.93133114831741,NaN,NaN,NaN,NaN
33059.365884976796,136.58762534833622,1960.2847718171815,62.711433260261074,73.32988611368752,NaN,NaN,NaN,NaN
34192.80507113978,133.66349083797468,1954.134254665587,61.366251992323214,71.76260904954582,NaN,NaN,NaN,NaN
35323.04671085426,130.80195235302736,1947.99808142848,60.04998181823446,70.22876782076058,NaN,NaN,NaN,NaN
36450.094611675886,128.00167519269087,1941.8762811932709,58.762001298965195,68.72765444004703,NaN,NaN,NaN,NaN
37573.95678051835,125.26134279300365,1935.7688594614935,57.50169773218683,67.2585702507484,NaN,NaN,NaN,NaN
38694.63287869767,122.57968686450216,1929.6758650476413,56.26848094723862,65.8208421486727,NaN,NaN,NaN,NaN
39812.13716529845,119.95543146352637,1923.5972677243567,55.06175763928212,64.41379254303418,NaN,NaN,NaN,NaN
40926.46725366742,117.38736707296937,1917.5331249201713,53.88096531589163,63.03677919382501,NaN,NaN,NaN,NaN
42037.63323218495,114.87428105757668,1911.4834263463576,52.72554041687748,61.6891578258161,NaN,NaN,NaN,NaN
43145.64514377636,112.41498735068556,1905.4481607889736,51.59493187416161,60.37029813616456,NaN,NaN,NaN,NaN
44250.5006765556,110.0083524658951,1899.4273819612338,50.488613059670946,59.07959775419031,NaN,NaN,NaN,NaN
45352.213978778535,107.65323131576372,1893.4210544950236,49.406052332850244,57.816447769376445,NaN,NaN,NaN,NaN
46450.78278755096,105.3485384269343,1887.4292297159852,48.34674566774174,56.58027103406051,NaN,NaN,NaN,NaN
47546.221206215276,103.09317721641513,1881.4518703272727,47.310184232441856,55.3704841435063,NaN,NaN,NaN,NaN
48638.527020158595,100.88610819012132,1875.4890253406236,46.29588562787241,54.18653412236084,NaN,NaN,NaN,NaN
49727.714287444636,98.7262812149227,1869.5406556039343,45.30336284084465,53.02786201489014,NaN,NaN,NaN,NaN
50813.78084101297,96.61270082838314,1863.606807887808,44.33215416025748,51.89393801678915,NaN,NaN,NaN,NaN
51896.74069326548,94.54436137967863,1857.6874412581412,43.381793445560106,50.78422660740125,NaN,NaN,NaN,NaN
52976.591723951744,92.52030957289594,1851.782600317335,42.45183877635187,49.69822019277724,NaN,NaN,NaN,NaN
54053.34390071967,90.53958965451737,1845.8922638904828,41.54184732956011,48.63540963553387,NaN,NaN,NaN,NaN
55127.00714522626,88.60126681138907,1840.016410079609,40.65138607478762,47.595296863540575,NaN,NaN,NaN,NaN
56197.57940602028,86.70444767214258,1834.1550803711878,39.78004118608437,46.577405877562235,NaN,NaN,NaN,NaN
57265.07457960725,84.84822972190625,1828.3082296938078,38.92739483536821,45.58125557501267,NaN,NaN,NaN,NaN
58329.490659450465,83.03175743138804,1822.4758975456089,38.093050909562855,44.60638993700642,NaN,NaN,NaN,NaN
59390.84149498367,81.25416651509956,1816.6580373256947,37.276609459206945,43.65234806122809,NaN,NaN,NaN,NaN
60449.125123820726,79.51463768288257,1810.8546866154957,36.47769132248687,42.71869307403175,NaN,NaN,NaN,NaN
61504.35534791321,77.81234325928385,1805.065797355,35.69591365634198,41.80498343250942,NaN,NaN,NaN,NaN
62556.530248262316,76.14649865823502,1799.291405278987,34.93091351789891,40.91080061146916,NaN,NaN,NaN,NaN
63605.66357892879,74.51631126356385,1793.5314609376926,34.182324432204574,40.03572162095733,NaN,NaN,NaN,NaN
64651.75346354073,72.92102972327079,1787.785998288463,33.44979897519386,39.179345520040286,NaN,NaN,NaN,NaN
65694.8097343958,71.3599007483645,1782.0549874476285,32.732988973024916,38.3412701893486,NaN,NaN,NaN,NaN
66734.84217716199,69.83218755426103,1776.338398000192,32.03155393677427,37.521102263782836,NaN,NaN,NaN,NaN
67771.84897799391,68.33718601923378,1770.6362613646309,31.345168477346135,36.71846581139656,NaN,NaN,NaN,NaN
68805.84376947062,66.87418481499122,1764.9485249122245,30.673504019019365,35.93298091003077,NaN,NaN,NaN,NaN
69836.82477850017,65.44250964550845,1759.2752184511646,30.016249069937437,35.16428743841237,NaN,NaN,NaN,NaN
70864.80558838633,64.04147931345622,1753.6162881956946,29.37308908413721,34.41202145652006,NaN,NaN,NaN,NaN
71889.78827234333,62.67044303270137,1747.9717418362472,28.743723553879853,33.67583527622812,NaN,NaN,NaN,NaN
72911.77115022812,61.328768562129014,1742.3416067306332,28.12786057704332,32.95539107531153,NaN,NaN,NaN,NaN
73930.77533192953,60.01580753040236,1736.7257863830653,27.525200944726606,32.25034227335073,NaN,NaN,NaN,NaN
74946.79910999209,58.73095511248359,1731.124307013129,26.935465495459034,31.560365615023322,NaN,NaN,NaN,NaN
75959.84838610038,57.4736095432397,1725.5371530991501,26.358376564022397,30.88513939709622,NaN,NaN,NaN,NaN
76969.9215570245,56.2431910090103,1719.9643491580853,25.793666627481056,30.22435363819885,NaN,NaN,NaN,NaN
77977.03954331565,55.03910490348244,1714.4057971679301,25.241061456996107,29.577690330011805,NaN,NaN,NaN,NaN
78981.20071355904,53.86079655564433,1708.861520626835,24.700305201656146,28.944852862175143,NaN,NaN,NaN,NaN
79982.40352039093,52.707722599143224,1703.3315420784731,24.171147272475707,28.325550622376653,NaN,NaN,NaN,NaN
80980.66874194192,51.57932580484542,1697.8157625067254,23.65333078850507,27.71948548347274,NaN,NaN,NaN,NaN
81975.99480204556,50.475086368570246,1692.3142035207682,23.146616086849843,27.126379375789856,NaN,NaN,NaN,NaN
82968.38757805446,49.39448711590732,1686.8268458192313,22.650764778522376,26.54595557549149,NaN,NaN,NaN,NaN
83957.84559476035,48.33702973817914,1681.353709511564,22.16554718077416,25.977947443106643,NaN,NaN,NaN,NaN
84944.38943993328,47.302203213473156,1675.894694445869,21.690727838270185,25.422081449841002,NaN,NaN,NaN,NaN
85928.01760879061,46.28953084143313,1670.4498199048596,21.22608708071423,24.87810246634242,NaN,NaN,NaN,NaN
86908.73596214813,45.298538333404196,1665.0190647279549,20.77140640048954,24.34575660304424,NaN,NaN,NaN,NaN
87886.54309440035,44.32876870205726,1659.6024468052572,20.326475269465824,23.824799223285183,NaN,NaN,NaN,NaN
88861.45940253178,43.379753301050734,1654.1998650528217,19.89107786125316,23.314979376688164,NaN,NaN,NaN,NaN
89833.48345065242,42.451054959545715,1648.8113366342398,19.465012821152335,22.816062990946808,NaN,NaN,NaN,NaN
90802.61388375968,41.54224541661066,1643.4368779079657,19.048082927304375,22.327820735496022,NaN,NaN,NaN,NaN
91768.87095554371,40.65288548519152,1638.0763872163486,18.64008598799641,21.850017367548016,NaN,NaN,NaN,NaN
92732.25328022621,39.78256547517479,1632.7298802617747,18.240833370646637,21.3824334642662,NaN,NaN,NaN,NaN
93692.76668552357,38.93087776913346,1627.3973331072946,17.85013743444384,20.924850675736636,NaN,NaN,NaN,NaN
94650.40988187575,38.09742961890162,1622.0787602343287,17.46781738996696,20.47705861062511,NaN,NaN,NaN,NaN
95605.20293173824,37.28181825621957,1616.7740593763513,17.093687888484872,20.038841457195545,NaN,NaN,NaN,NaN
96557.14451417518,36.483667963787994,1611.4832444476506,16.7275760127918,19.60999791503785,NaN,NaN,NaN,NaN
97506.24043583094,35.702604925119864,1606.2062901744732,16.369309751740403,19.1903276711397,NaN,NaN,NaN,NaN
98452.48947038902,34.9382689599829,1600.9432093395021,16.01872337445801,18.77963771407222,NaN,NaN,NaN,NaN
99395.9114889812,34.190290698949156,1595.6938992334383,15.675646966117684,18.37773006417831,NaN,NaN,NaN,NaN
100336.50523337844,33.45832558039874,1590.458372153859,15.339922009838327,17.9844200524987,NaN,NaN,NaN,NaN
101274.26952333153,32.74203606516598,1585.2366397189062,15.011393237155419,17.599526756203186,NaN,NaN,NaN,NaN
102209.2240864936,32.04107600252587,1580.0285989884612,14.689901455830027,17.22286459934228,NaN,NaN,NaN,NaN
103141.36771034045,31.355122490133155,1574.8342611526837,14.375298153323884,16.854260481701633,NaN,NaN,NaN,NaN
104070.70616131791,30.683854259256186,1569.653598989183,14.067435591159793,16.49354215626313,NaN,NaN,NaN,NaN
104997.23831888085,30.026961760555917,1564.4866226984943,13.766171424343183,16.14054365513926,NaN,NaN,NaN,NaN
105920.98371949022,29.384127547232087,1559.3332291578865,13.47135970843315,15.795094744210962,NaN,NaN,NaN,NaN
106841.94120989511,28.755055493034217,1554.1934282117418,13.18286429109879,15.457036632547473,NaN,NaN,NaN,NaN
107760.1165318838,28.139450969860974,1549.0671917266652,12.900549727733162,15.126211313798093,NaN,NaN,NaN,NaN
108675.50862276387,27.53703009719406,1543.954528630714,12.62428551812814,14.802466541882469,NaN,NaN,NaN,NaN
109588.13682803737,26.947501751936723,1538.8553357508858,12.353937859415366,14.485646159937259,NaN,NaN,NaN,NaN
110498.00005193325,26.37059436357401,1533.7696217248936,12.089381927171464,14.175604507041434,NaN,NaN,NaN,NaN
111405.0972740058,25.806041896425146,1528.697394615059,11.830495451732077,13.872198880311773,NaN,NaN,NaN,NaN
112309.44769675728,25.253571527502128,1523.6385512908412,11.577153066671197,13.575282913610659,NaN,NaN,NaN,NaN
113211.05026642105,24.71292875731598,1518.5930995699584,11.329237818534146,13.284720078040968,NaN,NaN,NaN,NaN
114109.91067910823,24.183860373930422,1513.5610100392732,11.086633359240365,13.0003745218395,NaN,NaN,NaN,NaN
115006.02796927192,23.6661224021938,1508.5422897160572,10.849227587621469,12.722115346215986,NaN,NaN,NaN,NaN
115899.42114912512,23.159464642472475,1503.5368356250267,10.616905561846265,12.449808293583924,NaN,NaN,NaN,NaN
116790.08921952426,22.663653699188764,1498.5446545959376,10.389560054199377,12.183328129077893,NaN,NaN,NaN,NaN
117678.03784922823,22.17845735754956,1493.5657166465367,10.167084390812677,11.92255024013366,NaN,NaN,NaN,NaN
118563.26612605748,21.703651873602766,1488.6000278658512,9.949375791430082,11.66735455756788,NaN,NaN,NaN,NaN
119445.79287245966,21.23900779506834,1483.6474855376503,9.73632886963856,11.417617932966424,NaN,NaN,NaN,NaN
120325.61714243535,20.784311080275945,1478.708095615816,9.527845312436833,11.173225493460473,NaN,NaN,NaN,NaN
121202.73806289077,20.33935204990353,1473.7818635643725,9.323828816987373,10.93406470097161,NaN,NaN,NaN,NaN
122077.17431435244,19.903915675128786,1468.868686924215,9.1241806370946,10.70002013276981,NaN,NaN,NaN,NaN
122948.92498977215,19.477801369022252,1463.9685710604422,8.92880865467309,10.470984122125707,NaN,NaN,NaN,NaN
123817.99570823526,19.06080955945525,1459.0814852454046,8.7376212258639,10.246849538886746,NaN,NaN,NaN,NaN
124684.38564759324,18.652747954385404,1454.2074341975513,8.550530051586229,10.02751315910739,NaN,NaN,NaN,NaN
125548.11329975585,18.253419355867774,1449.3463158775314,8.367444591549095,9.81286911385481,NaN,NaN,NaN,NaN
126409.17780848267,17.8626398102824,1444.498134950058,8.188280383198752,9.60281864778782,NaN,NaN,NaN,NaN
127267.584763614,17.480226294659424,1439.6628603904994,8.012953398066507,9.397263498458255,NaN,NaN,NaN,NaN
128123.33339270212,17.10600246242749,1434.8404962653851,7.8413826744070585,9.196108986399915,NaN,NaN,NaN,NaN
128976.44199982066,16.73978746792561,1430.030941035925,7.673485194461486,8.999258007136852,NaN,NaN,NaN,NaN
129826.90977833918,16.381412611556065,1425.234198756181,7.509183513597343,8.806619980523811,NaN,NaN,NaN,NaN
130674.74228834527,16.030710047198824,1420.4502381889736,7.348400584587261,8.61810477911553,NaN,NaN,NaN,NaN
131519.94508241978,15.687515522078717,1415.6790280562766,7.191061012570184,8.433624202091991,NaN,NaN,NaN,NaN
132362.51119166528,15.351673250385184,1410.920606416415,7.037093289015663,8.253094595393911,NaN,NaN,NaN,NaN
133202.47121959657,15.02301592981406,1406.1748029942203,6.8864206314697505,8.076426108554985,NaN,NaN,NaN,NaN
134039.81814397764,14.701394691408234,1401.4416559750161,6.738974711063053,7.903538797072225,NaN,NaN,NaN,NaN
134874.55748712868,14.3866589027335,1396.7211339643266,6.59468639581824,7.734351763175287,NaN,NaN,NaN,NaN
135706.6947637532,14.07866115618005,1392.013205549446,6.4534880359499125,7.568785838839735,NaN,NaN,NaN,NaN
136536.23548091945,13.777257199923827,1387.3178393039377,6.315313432295731,7.40676354859434,NaN,NaN,NaN,NaN
137363.18513804395,13.482305870365495,1382.6350037917875,6.180097805155466,7.248209073390176,NaN,NaN,NaN,NaN
138187.54922687577,13.193669026016043,1377.9646675714644,6.047777763801896,7.0930482152387695,NaN,NaN,NaN,NaN
139009.32102660486,12.911215646356682,1373.3068671053995,5.918293185157135,6.941210600977675,NaN,NaN,NaN,NaN
139828.5304608451,12.634805025153478,1368.661434960781,5.791579509868743,6.792620646822852,NaN,NaN,NaN,NaN
140645.1707558182,12.364311959167873,1364.0284077902754,5.667579287608327,6.647211100889145,NaN,NaN,NaN,NaN
141459.24737247234,12.099609762024377,1359.4077541696277,5.54623439173243,6.504913910435882,NaN,NaN,NaN,NaN
142270.76576402868,11.840574459521218,1354.7994426880869,5.427487941530658,6.365662478120365,NaN,NaN,NaN,NaN
143079.73137597324,11.587084731566543,1350.20344195213,5.3112842756428025,6.22939163074975,NaN,NaN,NaN,NaN
143886.14964604945,11.33902185535779,1345.6197205890057,5.197568925880934,6.096037588864908,NaN,NaN,NaN,NaN
144690.01406553472,11.096273228060728,1341.0483138960892,5.086290231822388,5.965539860716428,NaN,NaN,NaN,NaN
145491.35397103862,10.858717922656602,1336.489057082346,4.97739271990211,5.837833476871399,NaN,NaN,NaN,NaN
146290.16280131557,10.626248335850567,1331.9419856819402,4.870827025825051,5.712860629000753,NaN,NaN,NaN,NaN
147086.4459630896,10.398755589696894,1327.4070684387816,4.766543203497142,5.590562821047114,NaN,NaN,NaN,NaN
147880.20885532326,10.176133137170533,1322.8842741338017,4.664492377214158,5.470882808162477,NaN,NaN,NaN,NaN
148671.45686921666,9.958276712265606,1318.3735715881971,4.564626718796102,5.353764569872206,NaN,NaN,NaN,NaN
149460.19538820835,9.745084281161903,1313.8749296663912,4.466899425107673,5.2391532839159805,NaN,NaN,NaN,NaN
150246.41811146928,9.53645906971756,1309.3883826877427,4.3712661056915065,5.12699695398065,NaN,NaN,NaN,NaN
151030.1537963196,9.332297149745013,1304.9137686193471,4.277679092609973,5.017239735854371,NaN,NaN,NaN,NaN
151811.39608995483,9.132506043851585,1300.4511220567158,4.186095968099552,4.9098319400932136,NaN,NaN,NaN,NaN
152590.15034479153,8.936992179172597,1296.0004120658466,4.096473813977561,4.80472328660075,NaN,NaN,NaN,NaN
153366.4219055022,8.745663986104242,1291.5616077698953,4.008770631692774,4.701864570896653,NaN,NaN,NaN,NaN
154140.2161090216,8.558431855416693,1287.13467835184,3.9229453226603552,4.60120764106659,NaN,NaN,NaN,NaN
154911.53828455388,8.375208096285338,1282.719593056987,3.83895766895601,4.5027053752669,NaN,NaN,NaN,NaN
155680.39375358153,8.195906895220372,1278.3163211954688,3.7567683144251482,4.40631165970904,NaN,NaN,NaN,NaN
156446.77644825057,8.020446862278538,1273.924896166688,3.676339931730084,4.311982757625356,NaN,NaN,NaN,NaN
157210.71447364052,7.848740590750553,1269.5451592022025,3.597632436783512,4.219671696339239,NaN,NaN,NaN,NaN
157972.20171066045,7.680710304387506,1265.1771440146942,3.520610160806741,4.129336679760384,NaN,NaN,NaN,NaN
158731.24345000598,7.516277305615877,1260.8208201971727,3.4452370138285695,4.04093541536481,NaN,NaN,NaN,NaN
159487.85621078333,7.355362209734827,1256.4760940796032,3.371476591858689,3.9544252402794156,NaN,NaN,NaN,NaN
160242.0227607546,7.1978944473447495,1252.1430622579414,3.2992965324799433,3.8697682300580056,NaN,NaN,NaN,NaN
160993.7596392687,7.043797844047206,1247.8216310510893,3.2286619050476815,3.786923445939627,NaN,NaN,NaN,NaN
161743.0609786956,6.89300245098669,1243.5118332017328,3.1595406332877376,3.7058532954063392,NaN,NaN,NaN,NaN
162489.95432225458,6.745433148326159,1239.213512872782,3.0918982715315195,3.6265174050705014,NaN,NaN,NaN,NaN
163234.43375181087,6.601023092922918,1234.926703146443,3.0257041686034856,3.5488798506004158,NaN,NaN,NaN,NaN
163976.5045047048,6.459704649821368,1230.6513741924498,2.960927311139233,3.4729042812173527,NaN,NaN,NaN,NaN
164716.17181072145,6.321411632033352,1226.3874962705436,2.8975373501385557,3.398555123951176,NaN,NaN,NaN,NaN
165453.44089210947,6.18607926953931,1222.1350397321276,2.8355045867365414,3.3257975669944058,NaN,NaN,NaN,NaN
166188.31696360116,6.053644178952911,1217.8939750220768,2.774799958265614,3.254597543426072,NaN,NaN,NaN,NaN
166920.79435474417,5.924046244198839,1213.6643343436558,2.7153959002673065,3.1849227423448014,NaN,NaN,NaN,NaN
167650.91089764962,5.79721903564484,1209.445903343233,2.6572619548968053,3.1167374579703973,NaN,NaN,NaN,NaN
168378.63915298888,5.6731088853085465,1205.2388377456273,2.600373514356253,3.050012845015086,NaN,NaN,NaN,NaN
169103.99518261224,5.551655755402529,1201.043046721789,2.544703051634344,2.9847166331162063,NaN,NaN,NaN,NaN
169826.98416398795,5.432802762927703,1196.8585012070987,2.4902244862313485,2.920818247555356,NaN,NaN,NaN,NaN
170547.61126719962,5.316494242668481,1192.685172239391,2.4369122962836602,2.858287767887189,NaN,NaN,NaN,NaN
171265.88165497046,5.202675721121756,1188.523030960276,2.3847415065880027,2.7970959139484206,NaN,NaN,NaN,NaN
171981.81111410796,5.091292249163264,1184.371988100753,2.3336869243262632,2.737213149477373,NaN,NaN,NaN,NaN
172695.3728991315,4.982296586184754,1180.2321965610379,2.283726890397475,2.678614082139076,NaN,NaN,NaN,NaN
173406.60404369087,4.8756327574542215,1176.1034462543105,2.2348357425918715,2.6212686235689233,NaN,NaN,NaN,NaN
174115.49905060217,4.771252448414382,1171.9857692655241,2.1869913302404966,2.565150803357538,NaN,NaN,NaN,NaN
174822.07353855018,4.66910526650618,1167.879077404396,2.1401705504832225,2.510233533610192,NaN,NaN,NaN,NaN
175526.31160799752,4.569146415029447,1163.7834623595234,2.0943528657343693,2.4564927346057663,NaN,NaN,NaN,NaN
176228.23932051647,4.471326097394323,1159.6987764538173,2.0495154468794703,2.403901638290258,NaN,NaN,NaN,NaN
176927.84090051925,4.375601414449249,1155.625110957986,2.0056386266652524,2.3524371845626075,NaN,NaN,NaN,NaN
177625.12154822017,4.281927440582213,1151.5624375205061,1.962701809196609,2.3020752236213764,NaN,NaN,NaN,NaN
178320.1174171795,4.190256160154311,1147.5105506962007,1.920682982456878,2.252789944138131,NaN,NaN,NaN,NaN
179012.80252859773,4.100548781704959,1143.4696005304904,1.8795643627541985,2.2045604936941894,NaN,NaN,NaN,NaN
179703.20256481168,4.012760615629718,1139.4394415146533,1.8393254630334797,2.157362848715282,NaN,NaN,NaN,NaN
180391.30205796164,3.926853162382358,1135.4201639042049,1.7999486338109285,2.1111763133227957,NaN,NaN,NaN,NaN
181077.12653995777,3.842783625370539,1131.4116230576537,1.7614142561220019,2.0659778812848337,NaN,NaN,NaN,NaN
181760.67081528253,3.7605139231783964,1127.4138505539895,1.7237048725059692,2.0217470811580465,NaN,NaN,NaN,NaN
182441.9298165357,3.680006710068495,1123.4268774622449,1.686803362853977,1.9784638368800587,NaN,NaN,NaN,NaN
183120.9187688058,3.6012230409994164,1119.450618409117,1.650691874140434,1.9361072124080827,NaN,NaN,NaN,NaN
183797.65275591076,3.5241248809170975,1115.48498876694,1.61535297061553,1.89465676076736,NaN,NaN,NaN,NaN
184472.1266905931,3.448677306266564,1111.5300199647645,1.580770642885003,1.8540937076652293,NaN,NaN,NaN,NaN
185144.34559442147,3.374844979858649,1107.5856854278184,1.5469286920672007,1.8143990563197663,NaN,NaN,NaN,NaN
185814.31448221733,3.3025933210338887,1103.6519587027399,1.5138112661821859,1.7755542165478848,NaN,NaN,NaN,NaN
186482.0482770537,3.2318874472592105,1099.728756264585,1.4814023749935514,1.7375404357592863,NaN,NaN,NaN,NaN
187147.53211779823,3.1626963494182743,1095.8161664443414,1.4496878038418521,1.7003410436901605,NaN,NaN,NaN,NaN
187810.77109843507,3.094987553704182,1091.9141626931412,1.4186526667667385,1.6639385825540702,NaN,NaN,NaN,NaN
188471.7997518353,3.028726352873708,1088.022548388649,1.3882810541780903,1.628314393704398,NaN,NaN,NaN,NaN
189130.59351553407,2.963884706982596,1084.1414683471846,1.3585601127000833,1.593453402875647,NaN,NaN,NaN,NaN
189787.1769616069,2.9004303129341675,1080.2707835365359,1.3294750348716573,1.559338243810418,NaN,NaN,NaN,NaN
190441.54524413892,2.838334426561341,1076.4105250931805,1.3010126446693933,1.5259534634896872,NaN,NaN,NaN,NaN
191093.70332538694,2.7775679633045427,1072.5606675440868,1.273159610084519,1.4932834258509609,NaN,NaN,NaN,NaN
191743.65616116134,2.7181024612812696,1068.7211855397136,1.2459028846018232,1.4613128295218227,NaN,NaN,NaN,NaN
192391.3990828568,2.6599109257128837,1064.892109675947,1.2192300942471062,1.430027161817007,NaN,NaN,NaN,NaN
193036.9658868493,2.602963527090076,1061.0732473845733,1.1931275657304112,1.3994103859905513,NaN,NaN,NaN,NaN
193680.3422099289,2.54723534456151,1057.264685631323,1.1675838758469756,1.3694491042094332,NaN,NaN,NaN,NaN
194321.5234623371,2.4927010791404896,1053.4664549310157,1.1425874280660642,1.340129715345782,NaN,NaN,NaN,NaN
194960.54312874947,2.439332775342639,1049.6783644363982,1.118125408244593,1.31143719002679,NaN,NaN,NaN,NaN
195597.37756750386,2.3871078475872443,1045.9005556520215,1.0941874637389006,1.283359385776572,NaN,NaN,NaN,NaN
196232.041210146,2.336001030122764,1042.1329487198827,1.0707620133683002,1.2558827192201074,NaN,NaN,NaN,NaN
196864.53896235515,2.285988384751923,1038.3755192765295,1.0478380845406463,1.22899432063143,NaN,NaN,NaN,NaN
197494.88508269875,2.237045764388524,1034.6281884535917,1.0254046089368671,1.2026812079593983,NaN,NaN,NaN,NaN
198123.08436911576,2.1891502912078975,1030.8909325761665,1.0034511000725619,1.1769310814962848,NaN,NaN,NaN,NaN
198749.12302387797,2.1422809578658426,1027.1638367549963,0.981967928861999,1.1517326471245382,NaN,NaN,NaN,NaN
199373.02455002454,2.096414412891124,1023.4467683019486,0.9609443917379167,1.1270733504699846,NaN,NaN,NaN,NaN
199994.79372823876,2.0515292157049085,1019.7397039042379,0.9403706610946981,1.1029416644360148,NaN,NaN,NaN,NaN
200614.4169345969,2.0076056786480234,1016.0427281540402,0.9202377128243359,1.0793270043272016,NaN,NaN,NaN,NaN
201231.91746326187,1.9646219173247972,1012.3557096074383,0.9005355158899488,1.0562176044389846,NaN,NaN,NaN,NaN
201847.29094171955,1.922558458109272,1008.6786789121243,0.8812551443420847,1.0336029950937176,NaN,NaN,NaN,NaN
202460.5513269394,1.8813949902046982,1005.011559340887,0.8623872884813022,1.0114722565459455,NaN,NaN,NaN,NaN
203071.69429834108,1.8411128640782044,1001.3543814883807,0.8439234001207041,0.98981536214799,NaN,NaN,NaN,NaN
203680.73373859833,1.8016926285156105,997.7070691552973,0.8258545635962922,0.9686218542588566,NaN,NaN,NaN,NaN
204287.67438942287,1.7631158546513874,994.0695998606739,0.8081723318896668,0.9478818248460303,NaN,NaN,NaN,NaN
204892.51200794452,1.7253650637868236,990.4420041181886,0.7908686935173128,0.9275858767032865,NaN,NaN,NaN,NaN
205495.26036627678,1.6884220259879021,986.8242065138395,0.7739352926457687,0.9077242087479123,NaN,NaN,NaN,NaN
206095.9063561103,1.6522705350770626,983.2162900982328,0.7573647011067658,0.8882881078829875,NaN,NaN,NaN,NaN
206694.4815406701,1.6168920556271813,979.6180746511899,0.7411484230378464,0.8692676087852776,NaN,NaN,NaN,NaN
207290.98168750276,1.5822705912782842,976.0295910056157,0.7252791264676736,0.8506541111383059,NaN,NaN,NaN,NaN
207885.40268238337,1.5483904539644764,972.4508695367966,0.7097496207143112,0.8324391803952943,NaN,NaN,NaN,NaN
208477.7669083941,1.515234792874609,968.8817841009483,0.6945521821197173,0.8146137568973876,NaN,NaN,NaN,NaN
209068.06144829487,1.4827890934481502,965.3224173211696,0.6796801579344691,0.7971700369706682,NaN,NaN,NaN,NaN
209656.29981988177,1.451037685361702,961.7726955844236,0.6651263656047658,0.7800995956116227,NaN,NaN,NaN,NaN
210242.47801124107,1.4199661797104215,958.2326491497274,0.6508842099714909,0.7633946967083814,NaN,NaN,NaN,NaN
210826.61813898679,1.389559121339576,954.7021534538916,0.6369466071133053,0.7470470309318619,NaN,NaN,NaN,NaN
211408.72479138695,1.3598023206229293,951.1811878013548,0.6233070532174679,0.7310489693042798,NaN,NaN,NaN,NaN
211988.78533259613,1.330682748776428,947.6698339557595,0.6099595765632453,0.7153935069484886,NaN,NaN,NaN,NaN
212566.82168152567,1.3021859199744117,944.1679685240148,0.5968975375352537,0.7000728556760386,NaN,NaN,NaN,NaN
213142.82986329516,1.2742989453495495,940.6756220288437,0.5841150285524795,0.6850800858264242,NaN,NaN,NaN,NaN
213716.82305673836,1.2470083802266805,937.1927230262821,0.5716058872401255,0.6704079689510585,NaN,NaN,NaN,NaN
214288.79733818877,1.2203018801596714,933.7193019713702,0.5593644555543151,0.6560498680928629,NaN,NaN,NaN,NaN
214858.74889918292,1.1941673386754097,930.2553888683402,0.5473851845178506,0.641999274247854,NaN,NaN,NaN,NaN
215426.7077611944,1.1685913759188862,926.8008119063011,0.5356619414525662,0.6282489938312302,NaN,NaN,NaN,NaN
215992.66998759552,1.143562446312035,923.3556018508461,0.5241894344945387,0.6147928193743483,NaN,NaN,NaN,NaN
216556.64012571576,1.1190688654195426,919.9197389502124,0.5129623081031464,0.6016244687839675,NaN,NaN,NaN,NaN
217118.61437925787,1.0950995511861508,916.4932534816093,0.5019754828574535,0.5887379838145581,NaN,NaN,NaN,NaN
217678.6223043372,1.0716422529101897,913.0759761082766,0.49122334363696024,0.576126777954313,NaN,NaN,NaN,NaN
218236.63513867062,1.0486874156587203,909.6680868173867,0.48070151102885816,0.5637857139554792,NaN,NaN,NaN,NaN
218792.69059059667,1.0262229528638982,906.2693673626775,0.4704044451206281,0.5517082935744976,NaN,NaN,NaN,NaN
219346.76012646305,1.0042397126728042,902.879996831927,0.46032795125532594,0.5398895962732893,NaN,NaN,NaN,NaN
219898.89759265762,0.9827254851377714,899.4996597739946,0.4504664329501818,0.5283230574927721,NaN,NaN,NaN,NaN
220449.05818389484,0.9616721654722288,896.1286334123129,0.44081617550039265,0.5170043196153299,NaN,NaN,NaN,NaN
220997.2791202545,0.9410686655735226,892.7667020635784,0.4313720966362411,0.5059274212204726,NaN,NaN,NaN,NaN
221543.5647371675,0.9209054007894227,889.4138476614885,0.42212980328079425,0.49508720912400694,NaN,NaN,NaN,NaN
222087.88706895293,0.9011741525643957,886.070247046701,0.4130855285318362,0.4844792645920819,NaN,NaN,NaN,NaN
222630.3151541725,0.8818633895024516,882.7354921582775,0.40423398690531165,0.4740973879005658,NaN,NaN,NaN,NaN
223170.78884091327,0.8629664261139359,879.4099542947496,0.3955721142499772,0.4639379844904301,NaN,NaN,NaN,NaN
223709.3607210624,0.8444727613785536,876.0933243269815,0.38709509736054076,0.4539954086074117,NaN,NaN,NaN,NaN
224246.00310677374,0.8263748892111515,872.7857781048094,0.3787994959129274,0.44426562455627,NaN,NaN,NaN,NaN
224780.73634476098,0.8086638289368192,869.4872012201041,0.37068119360711216,0.43474380393361406,NaN,NaN,NaN,NaN
225313.59635078016,0.7913303147725402,866.1973846177324,0.36273594346584603,0.42542496504716987,NaN,NaN,NaN,NaN
225844.52411364447,0.7743683403044017,862.916694665523,0.35496099256369457,0.416305878467634,NaN,NaN,NaN,NaN
226373.602717392,0.7577674980449677,859.6446361330638,0.34735157053100874,0.40738094876305897,NaN,NaN,NaN,NaN
226900.7578031242,0.7415225432222725,856.3816692244151,0.3399052735739278,0.3986473559640475,NaN,NaN,NaN,NaN
227426.07187711753,0.7256235063851189,853.1273015248377,0.3326175320915426,0.3900997401515859,NaN,NaN,NaN,NaN
227949.48666242152,0.7100649039532781,849.8818962706142,0.325485832807256,0.38173515298709715,NaN,NaN,NaN,NaN
228471.06846160637,0.6948376637368011,846.6450588521584,0.31850601740517426,0.3735487169340615,NaN,NaN,NaN,NaN
228990.77485092854,0.6799360924535699,843.4170565960815,0.3116754764619343,0.3655373709385061,NaN,NaN,NaN,NaN
229508.62546657227,0.6653528146788138,840.1977790000334,0.3049908294314138,0.3576971496634526,NaN,NaN,NaN,NaN
230024.63971757973,0.6510806395611374,836.9871166866459,0.2984487803888699,0.35002418698478444,NaN,NaN,NaN,NaN
230538.82155296352,0.6371129666306027,833.7850545611592,0.292046304026286,0.34251493417849316,NaN,NaN,NaN,NaN
231051.17492028803,0.623443334677835,830.5915775982289,0.28578043885864685,0.33516591740027973,NaN,NaN,NaN,NaN
231561.68864343816,0.6100658122956798,827.406763482989,0.27964846625022266,0.32797394763679616,NaN,NaN,NaN,NaN
232070.4120327362,0.5969730277022274,824.2303194015374,0.2736470072992704,0.3209350615347667,NaN,NaN,NaN,NaN
232577.30366694654,0.5841601005724495,821.0625084569758,0.2677738251765599,0.31404663514674197,NaN,NaN,NaN,NaN
233082.41251963197,0.5716199673272513,817.9030395267237,0.2620256822340664,0.30730487083397356,NaN,NaN,NaN,NaN
233585.72730119992,0.5593472286788438,814.751991076715,0.25640010374065125,0.3007068656665725,NaN,NaN,NaN,NaN
234087.23694219117,0.547336574947508,811.609440599185,0.25089465601624344,0.29424976491257865,NaN,NaN,NaN,NaN
234586.98974984422,0.535581403512393,808.4751002648865,0.24550631270101514,0.28793001875700946,NaN,NaN,NaN,NaN
235084.95970090013,0.5240770083794057,805.3491395479044,0.24023291684341216,0.28174509700720307,NaN,NaN,NaN,NaN
235581.17992815166,0.5128174147384906,802.2313636275608,0.23507172984960664,0.2756917873783804,NaN,NaN,NaN,NaN
236075.6392535094,0.5017977873332509,799.1218507444069,0.2300205354982215,0.26976749020298535,NaN,NaN,NaN,NaN
236568.34128741917,0.49101305404157525,796.0205881070971,0.2250770089726395,0.26396947849153324,NaN,NaN,NaN,NaN
237059.3331873561,0.48045731942799574,792.9272935636652,0.2202384480528869,0.25829458264199234,NaN,NaN,NaN,NaN
237548.56023293408,0.4701269945707627,789.8423149267895,0.21550320781381352,0.2527408730333955,NaN,NaN,NaN,NaN
238036.0982327564,0.46001581539453446,786.7651923244567,0.21086841702692014,0.24730498190861364,NaN,NaN,NaN,NaN
238521.9070948865,0.45012006859833115,783.6961833501139,0.20633237374765415,0.24198491278496995,NaN,NaN,NaN,NaN
239006.03316826498,0.4404343560662824,780.6350098737906,0.20189260368976866,0.23677776345422577,NaN,NaN,NaN,NaN
239488.4509347948,0.43095483774980664,777.581839519659,0.1975473467901196,0.23168146931219763,NaN,NaN,NaN,NaN
239969.17788088912,0.4216769005143889,774.5365730896884,0.1932944885860654,0.2266935501644043,NaN,NaN,NaN,NaN
240448.2454184683,0.4125957789023573,771.4990244152226,0.18913184479486017,0.22181144392341262,NaN,NaN,NaN,NaN
240925.64228402474,0.40370762218057216,768.4692727096826,0.1850576504360744,0.2170330802604146,NaN,NaN,NaN,NaN
241401.39952183477,0.3950078773813794,765.4471336502946,0.181069818614468,0.2123560113393191,NaN,NaN,NaN,NaN
241875.49184646268,0.38649311604954373,762.4327740441779,0.17716677790955623,0.2077783938579348,NaN,NaN,NaN,NaN
242347.96402004882,0.3781587276591603,759.4259236305539,0.1733464150290906,0.20329774904936224,NaN,NaN,NaN,NaN
242818.8046907415,0.37000119950738586,756.4266622644323,0.16960711992672206,0.19891218832703353,NaN,NaN,NaN,NaN
243288.03035845648,0.3620166078407586,753.4348957958824,0.16594709411688535,0.19461960213916504,NaN,NaN,NaN,NaN
243755.67108230002,0.35420089626669027,750.45044484149,0.16236447831316278,0.19041780962693444,NaN,NaN,NaN,NaN
244221.70165772064,0.3465510153771011,747.473476107014,0.15885787482494115,0.1863051712871365,NaN,NaN,NaN,NaN
244686.17926347628,0.3390626358062408,744.5036397325076,0.15542529921938528,0.1822793595273663,NaN,NaN,NaN,NaN
245149.06499768575,0.3317330720730595,741.5411884844344,0.15206552062474235,0.17833893049499583,NaN,NaN,NaN,NaN
245610.42902971446,0.32455797534075337,738.5856900282264,0.14877654567174023,0.17448154614090583,NaN,NaN,NaN,NaN
246070.21897254107,0.3175349977475273,735.6374821836008,0.14555729824595512,0.17070594412215118,NaN,NaN,NaN,NaN
246528.49088080603,0.31066018061804984,732.6962206607252,0.14240596381693493,0.16700999614955808,NaN,NaN,NaN,NaN
246985.25979221924,0.3039302868359623,729.7618187204317,0.13932105862772826,0.16339196182961127,NaN,NaN,NaN,NaN
247440.5138545595,0.2973425404062102,726.83435917127,0.13630131028815037,0.15985034867642647,NaN,NaN,NaN,NaN
247894.29460878615,0.2908934571232317,723.9135877466723,0.13334512175809773,0.1563832834799179,NaN,NaN,NaN,NaN
248346.59001707443,0.2845803940785285,720.9995882635252,0.13045128165044714,0.15298934530464678,NaN,NaN,NaN,NaN
248797.4278305821,0.2784002093587757,718.0921929711641,0.1276183498239886,0.1496668449629082,NaN,NaN,NaN,NaN
249246.82226118914,0.27235002297509026,715.1913193817052,0.12484500620517737,0.1464142340747588,NaN,NaN,NaN,NaN
249694.78732754968,0.2664270232373944,712.2968859969876,0.12212996202322247,0.14323000098272556,NaN,NaN,NaN,NaN
250141.33685607975,0.2606284649537042,709.408812305661,0.11947195898660443,0.14011266978180245,NaN,NaN,NaN,NaN
250586.48448193385,0.2549516676809801,706.5270187803311,0.1168697684813719,0.137060799379011,NaN,NaN,NaN,NaN
251030.25658373605,0.24939385317876583,703.651344581388,0.11432211706000867,0.1340728961091826,NaN,NaN,NaN,NaN
251472.65338205546,0.24395263331867764,700.7817949246946,0.11182791010059419,0.131147676031186,NaN,NaN,NaN,NaN
251913.7264391381,0.23862504997539055,697.9180478164104,0.10938579168850251,0.12828354878248668,NaN,NaN,NaN,NaN
252353.4498375667,0.233409146861959,695.0602745068115,0.10699486515464474,0.12547946258098067,NaN,NaN,NaN,NaN
252791.87446096048,0.2283021001650666,692.208156421818,0.10465383614422889,0.12273389927831403,NaN,NaN,NaN,NaN
253228.98700596901,0.22330190014105217,689.3617842078625,0.10236178347780732,0.12004577836008083,NaN,NaN,NaN,NaN
253664.83753118484,0.21840586011057816,686.5208434346022,0.10011747565865535,0.11741365540457686,NaN,NaN,NaN,NaN
254099.43757445642,0.21361179588059137,683.6852652847883,0.09791991153381854,0.11483635612014935,NaN,NaN,NaN,NaN
254532.77081063308,0.20891757283605394,680.8549818993856,0.09576088451954935,0.1123199075739952,NaN,NaN,NaN,NaN
254964.88861695412,0.2043209729032824,678.0300266978202,0.09365395560318612,0.10984864738944057,NaN,NaN,NaN,NaN
255395.81426767682,0.1998198367144879,675.2100743309854,0.09159078410003946,0.10742871117325589,NaN,NaN,NaN,NaN
255825.58303394672,0.19541193578259633,672.3949020994464,0.08957034854556493,0.1050589008287048,NaN,NaN,NaN,NaN
256254.19263520377,0.19109547767582238,669.5845282168082,0.08759182734849637,0.10273825269452257,NaN,NaN,NaN,NaN
256681.67763963048,0.18686833974130934,666.7787335989017,0.08565424755518347,0.10046562557339654,NaN,NaN,NaN,NaN
257108.07204163217,0.18272846222405884,663.9773020671481,0.08375666504226771,0.09823991208365516,NaN,NaN,NaN,NaN
257533.3727400757,0.17867419184120756,661.1802561358604,0.08189832199973235,0.09606022337437077,NaN,NaN,NaN,NaN
257957.6372837818,0.17470333990549866,658.3872265325529,0.08007821520594892,0.09392538274629762,NaN,NaN,NaN,NaN
258380.86188196376,0.1708143462974928,655.5982393650858,0.07829562955392357,0.09183455143576032,NaN,NaN,NaN,NaN
258803.1028964881,0.16700513796182306,652.8129314173798,0.07654961482384996,0.08978661491043859,NaN,NaN,NaN,NaN
259224.3678273529,0.16327413645396643,650.0312547777435,0.07483944750912387,0.0877807245545816,NaN,NaN,NaN,NaN
259644.6759324204,0.1596196932509748,647.2530851111734,0.07316437198151587,0.08581599407632477,NaN,NaN,NaN,NaN
260064.081730837,0.15603989924112277,644.4780686571348,0.0715235131675461,0.08389139708401694,NaN,NaN,NaN,NaN
260482.59148274586,0.15253330605409282,641.7061639986839,0.06991620718231084,0.082006154893424,NaN,NaN,NaN,NaN
260900.25838763829,0.14909810988560313,638.9370241782278,0.06834162722176876,0.08015929772911025,NaN,NaN,NaN,NaN
261317.08778688477,0.1457329461580296,636.1706126057775,0.06679914780880704,0.07835009195612805,NaN,NaN,NaN,NaN
261733.13156600215,0.14243610965527945,633.4065891395304,0.0652879873289395,0.07657762080279878,NaN,NaN,NaN,NaN
262148.40577928314,0.139206224049537,630.6448461521627,0.06380751491915532,0.07484114431694444,NaN,NaN,NaN,NaN
262562.94927834754,0.13604177030396664,627.8851266995439,0.06235703430336326,0.073139845822042,NaN,NaN,NaN,NaN
262976.8232193018,0.13294110571273374,625.1270270031266,0.06093579251970575,0.07147284215366922,NaN,NaN,NaN,NaN
263390.0187458432,0.12990315201003885,622.370599942968,0.059543295326911945,0.06983955360609197,NaN,NaN,NaN,NaN
263802.60704109794,0.12692627111220928,619.6153742410091,0.0581787918817699,0.06823909949989097,NaN,NaN,NaN,NaN
264214.6010543404,0.12400929067359857,616.861258659956,0.056841744819928014,0.0666708495493853,NaN,NaN,NaN,NaN
264626.0586992921,0.12115075206432664,614.1078664387612,0.05553148555383949,0.06513401955451417,NaN,NaN,NaN,NaN
265037.0029096733,0.11834948005976693,611.3550391341862,0.05424747539952377,0.06362797768177675,NaN,NaN,NaN,NaN
265447.4785305681,0.11560418130946874,608.6024735498106,0.0529891215280413,0.06215202858993816,NaN,NaN,NaN,NaN
265857.5406445297,0.11291353347987125,605.8497978718246,0.051755817825556404,0.06070546135563604,NaN,NaN,NaN,NaN
266267.22093218163,0.11027640543592565,603.0967930205858,0.050547045817288284,0.05928766784915488,NaN,NaN,NaN,NaN
266676.56140959426,0.10769163023532405,600.3431708418474,0.04936227061559644,0.05789802068979911,NaN,NaN,NaN,NaN
267085.6031494646,0.1051580798878213,597.588648236116,0.048200975187173756,0.05653591343858726,NaN,NaN,NaN,NaN
267494.41922545043,0.10267446518095391,594.8327294158869,0.04706256859979674,0.05520065297898163,NaN,NaN,NaN,NaN
267903.0155818878,0.1002399396231865,592.0753607329771,0.04594666284982803,0.053891784213549676,NaN,NaN,NaN,NaN
268311.47398502094,0.09785323049191927,589.315986110095,0.04485267456345065,0.05260862289116385,NaN,NaN,NaN,NaN
268719.83113297384,0.09551336883761859,586.5543459693889,0.04378015960634342,0.05135064807756008,NaN,NaN,NaN,NaN
269128.12277498597,0.09321941691189502,583.7901859286582,0.04272868814575451,0.05011735561307863,NaN,NaN,NaN,NaN
269536.4373695481,0.09097017357034917,581.0229003862847,0.041697709616939416,0.04890809972902667,NaN,NaN,NaN,NaN
269944.79733622744,0.08876483837336997,578.2523203319789,0.04068685712493508,0.047722450086769126,NaN,NaN,NaN,NaN
270353.2774959345,0.08660235280619817,575.4779272186182,0.039695645481692236,0.04655983759928133,NaN,NaN,NaN,NaN
270761.91916869837,0.08448186954472768,572.6994235041278,0.038723686301950756,0.04541980672151755,NaN,NaN,NaN,NaN
271170.7941047831,0.08240241134508972,569.91630740343,0.03777053164954138,0.044301832059947976,NaN,NaN,NaN,NaN
271579.9408462372,0.08036320049163226,567.1282966636364,0.036835825045410026,0.04320549549297105,NaN,NaN,NaN,NaN
271989.43848253886,0.07836328368367086,564.3348368231344,0.03591912952814885,0.04213028449958,NaN,NaN,NaN,NaN
272399.3433643996,0.07640185182514037,561.5355231202059,0.03502007423496342,0.04107576408718884,NaN,NaN,NaN,NaN
272809.7205846718,0.0744780814142865,558.7298904658277,0.034138281699969394,0.04004149151831183,NaN,NaN,NaN,NaN
273220.6334409383,0.0725911858999986,555.9174837434196,0.03327339139423158,0.03902704392115869,NaN,NaN,NaN,NaN
273632.1434269727,0.07074041395556827,553.097857901536,0.032425058934512176,0.03803201736155908,NaN,NaN,NaN,NaN
274044.34074577707,0.06892491445243709,550.2703730998699,0.031592894191716354,0.03705595424908769,NaN,NaN,NaN,NaN
274457.2524292164,0.06714414182184386,547.4348112679297,0.030776647095223264,0.036098561270779005,NaN,NaN,NaN,NaN
274870.98485600547,0.06539722954988172,544.5904193730177,0.02997592046380473,0.03515937256461572,NaN,NaN,NaN,NaN
275285.61147537176,0.06368348534063277,541.7366628148122,0.029190396971978987,0.03423801593302512,NaN,NaN,NaN,NaN
275701.1735646314,0.06200237234690077,538.8732214041038,0.02841983054680127,0.03333420275199799,NaN,NaN,NaN,NaN
276117.790050926,0.06035306324103432,535.9992493996436,0.027663841968722874,0.032447488227139706,NaN,NaN,NaN,NaN
276535.5074873889,0.05873504903993202,533.1143860988647,0.026922197936775704,0.03157759871495474,NaN,NaN,NaN,NaN
276954.41956866346,0.0571476582968604,530.2179502722728,0.026194590682052463,0.03072417322697276,NaN,NaN,NaN,NaN
277374.59751057177,0.05559033194627225,527.3094096463876,0.0254807639474534,0.029886911193980095,NaN,NaN,NaN,NaN
277796.1196627597,0.05406250669391412,524.3881810472149,0.02478045953758008,0.029065509773292773,NaN,NaN,NaN,NaN
278219.09051989,0.052563550337653156,521.4535012146583,0.024093387671948206,0.02825962907543111,NaN,NaN,NaN,NaN
278643.5727313248,0.05109300481924451,518.5048872916117,0.023419338391854477,0.02746902283552122,NaN,NaN,NaN,NaN
279069.683552281,0.04965024506760871,515.5414830035227,0.02275802518545289,0.026693354997936403,NaN,NaN,NaN,NaN
279497.46987781784,0.048234909254697755,512.5629064649509,0.022109282202769913,0.025932431033837532,NaN,NaN,NaN,NaN
279927.0515790261,0.04684641170072646,509.5682769838404,0.02147284098762204,0.025185936065455147,NaN,NaN,NaN,NaN
280358.5067782232,0.045484328758442674,506.55699407544245,0.02084850735416344,0.02445364232822373,NaN,NaN,NaN,NaN
280791.92883018387,0.044148208152322725,503.5283502897601,0.020236073994298356,0.023735306666221416,NaN,NaN,NaN,NaN
281227.425734666,0.04283757557965074,500.4815346413429,0.019635323503396893,0.023030674081094143,NaN,NaN,NaN,NaN
281665.08270260267,0.04155204807160858,497.4158877941045,0.01904608034125785,0.022339538678135804,NaN,NaN,NaN,NaN
282104.9992778745,0.040291219530041604,494.33064893988933,0.018468158365959515,0.021661682127664627,NaN,NaN,NaN,NaN
282547.27053903596,0.0390547170690913,491.2250839149377,0.01790138665899487,0.020996903955854528,NaN,NaN,NaN,NaN
282992.0051243696,0.03784214993454593,488.0983618013402,0.017345586111596586,0.02034499408235491,NaN,NaN,NaN,NaN
283439.2886868005,0.03665320952031361,484.94980500631397,0.016800615268970184,0.019705786591933037,NaN,NaN,NaN,NaN
283889.2379418845,0.03548752206874508,481.77851901792957,0.016266302813008716,0.019079080542063843,NaN,NaN,NaN,NaN
284341.9462721736,0.03434479421724862,478.58376497366186,0.015742514276032463,0.018464718212844962,NaN,NaN,NaN,NaN
284797.51945873356,0.03322471742885617,475.3647146991471,0.015229108234931038,0.017862533726206574,NaN,NaN,NaN,NaN
285256.0837705766,0.03212695207152027,472.1203945322293,0.014725929013641217,0.017272344486497854,NaN,NaN,NaN,NaN
285717.70684250345,0.031051315552537814,468.8502296271507,0.014232892917725438,0.0166940523267946,NaN,NaN,NaN,NaN
286182.5373631835,0.029997449502480643,465.55308273693856,0.01374983568252678,0.016127464577708108,NaN,NaN,NaN,NaN
286650.6478676985,0.02896518735091163,462.2283362994336,0.013276680957682864,0.015572491686330752,NaN,NaN,NaN,NaN
287122.1730787682,0.02795423647587654,458.8749394073976,0.012813294614997642,0.015028976330947517,NaN,NaN,NaN,NaN
287597.1892395519,0.02696444507037648,455.492239858877,0.012359607071179038,0.014496836895886475,NaN,NaN,NaN,NaN
288075.8328945545,0.02599554550501088,452.0789506842577,0.011915495653788471,0.01397592949612576,NaN,NaN,NaN,NaN
288558.215623169,0.02504733803725479,448.6343766709257,0.01148086880747899,0.013466146744519158,NaN,NaN,NaN,NaN
289044.4243359171,0.024119681529001857,445.15777729904386,0.01105566183922492,0.012967412761288604,NaN,NaN,NaN,NaN
289534.5790786711,0.023212379835737727,441.64817768940395,0.010639784842888002,0.012479622093678621,NaN,NaN,NaN,NaN
290028.7826145699,0.022325279869180138,438.1047175375019,0.010233167647878367,0.012002692437163643,NaN,NaN,NaN,NaN
290527.1528243512,0.021458210229097673,434.526426484852,0.009835731690016159,0.011536531642204063,NaN,NaN,NaN,NaN
291029.7736935123,0.02061106614863642,430.91256451689827,0.009447428947651205,0.011081083383220445,NaN,NaN,NaN,NaN
291536.76741859707,0.019783683338307382,427.2621211141234,0.009068184115932071,0.010636259333606402,NaN,NaN,NaN,NaN
292048.2451792011,0.018975924192943004,423.574156934015,0.00869793412121502,0.010201985512990201,NaN,NaN,NaN,NaN
292564.283649179,0.018187709453881432,419.84796800206504,0.008336642633958877,0.009778219309707096,NaN,NaN,NaN,NaN
293085.0106745653,0.01741888375707656,416.082488962643,0.007984238440439124,0.00936487719571747,NaN,NaN,NaN,NaN
293610.4877870367,0.016669393265964876,412.277111973277,0.00764069686376109,0.008961930226984906,NaN,NaN,NaN,NaN
294140.8562584828,0.015939070004169064,408.43066807630225,0.007305940909126045,0.008569288094729156,NaN,NaN,NaN,NaN
294676.16032714717,0.015227882375709162,404.54266120585436,0.006979956093984982,0.008186933812071131,NaN,NaN,NaN,NaN
295216.51422900666,0.014535700110443682,400.6121022036677,0.006662682706826768,0.007814797342153458,NaN,NaN,NaN,NaN
295762.0098986872,0.01386242264815305,396.6381532440319,0.00635407465418285,0.0074528246210005,NaN,NaN,NaN,NaN
296312.7098721994,0.013207981545674092,392.62017850551075,0.00605410056397784,0.007100978851660916,NaN,NaN,NaN,NaN
296868.7126323178,0.012572259660411996,388.55728684502566,0.0057627067419325,0.006759197055012158,NaN,NaN,NaN,NaN
297430.05724501243,0.011955201964061683,384.44900041797234,0.005479867964897349,0.00642744964630433,NaN,NaN,NaN,NaN
297996.84519514104,0.011356675408180484,380.294400840377,0.00520552324788017,0.006105665094987943,NaN,NaN,NaN,NaN
298569.1036642515,0.010776618405312277,376.0930887479145,0.004939644361234249,0.005793810289930771,NaN,NaN,NaN,NaN
299146.9055111992,0.010214910057125728,371.84434240713273,0.004682175889175319,0.005491820232821669,NaN,NaN,NaN,NaN
299730.3043353758,0.009671438921422821,367.5475738019207,0.00443306675029692,0.005199635009230223,NaN,NaN,NaN,NaN
300319.3342920502,0.009146099011364135,363.20233099187226,0.004192268363747991,0.004917197637678779,NaN,NaN,NaN,NaN
300914.02321524743,0.008638774871722857,358.8082067206209,0.003959727808682801,0.004644446046220833,NaN,NaN,NaN,NaN
301514.3916597414,0.008149341186949348,354.3648459208476,0.0037353876446107573,0.004381312861725624,NaN,NaN,NaN,NaN
302120.4713722239,0.0076776474343270675,349.87181620785685,0.0035191788769122086,0.004127717158987198,NaN,NaN,NaN,NaN
302732.2455511249,0.007223563633313337,345.3290300013618,0.003311041926818512,0.003883589056844568,NaN,NaN,NaN,NaN
303349.71346438,0.006786927150971313,340.73629025623956,0.0031109022487867894,0.0036488411192999526,NaN,NaN,NaN,NaN
303972.8878217694,0.006367547768932597,336.0933093826582,0.002918672653027486,0.0034233710796590425,NaN,NaN,NaN,NaN
304601.70625294547,0.0059652659205510754,331.4003355964724,0.002734279999483668,0.0032070931504473797,NaN,NaN,NaN,NaN
305236.16161922936,0.005579863437087132,326.65723427078603,0.0025576242868428738,0.0029998900380723936,NaN,NaN,NaN,NaN
305876.17722380394,0.005211143698687633,321.8643704022022,0.0023886153910873155,0.0028016560342232336,NaN,NaN,NaN,NaN
306521.69784073834,0.0048588731113062,317.02196723634603,0.002227146240455648,0.002612265552232667,NaN,NaN,NaN,NaN
307172.6342381956,0.0045228135830360765,312.1304996307798,0.002073107701516544,0.002431590587258411,NaN,NaN,NaN,NaN
307828.92617351224,0.004202688779361289,307.1902500312981,0.001926373111695317,0.002259482574166032,NaN,NaN,NaN,NaN
308490.42620343453,0.0038982418346622362,302.202131990867,0.0017868247323134922,0.00209580341484219,NaN,NaN,NaN,NaN
309157.0252688821,0.0036091718450557094,297.1668038243825,0.0016543246390135341,0.001940391334976127,NaN,NaN,NaN,NaN
309828.5933870945,0.0033351644269348914,292.08508935981524,0.0015287287287797959,0.0017930773131821307,NaN,NaN,NaN,NaN
310504.95775586006,0.0030758990370928054,286.95813487787046,0.0014098900752402628,0.0016536890165018358,NaN,NaN,NaN,NaN
311185.9769021671,0.002831019814934304,281.78688609686395,0.0012976455637038428,0.0015220351243650607,NaN,NaN,NaN,NaN
311871.41277963255,0.002600183389988344,276.57299509185384,0.0011918378045379712,0.0013979310312403144,NaN,NaN,NaN,NaN
312561.08728593827,0.002383002384816959,271.3177147317713,0.0010922892367763817,0.0012811684722246583,NaN,NaN,NaN,NaN
313254.7366479963,0.0021790961382050786,266.0229304137674,0.000998825377946574,0.0011715427932436975,NaN,NaN,NaN,NaN
313952.13239285396,0.0019880522327558126,260.6903062327419,0.0009112571895958156,0.0010688322672149676,NaN,NaN,NaN,NaN
314653.0281472986,0.0018094459876754126,255.32166265185873,0.0008293900121370946,0.0009728085739121952,NaN,NaN,NaN,NaN
315357.06970864994,0.0016428586561345684,249.91417287616653,0.0007530319059158372,0.000883246583373709,NaN,NaN,NaN,NaN
316063.9799207799,0.001487838071426702,244.47365283806843,0.0006819756127144395,0.0007999031981807456,NaN,NaN,NaN,NaN
316790.56946735526,0.001343937193713781,245.1713380784962,0.0006134099714186688,0.0007251250572035923,NaN,NaN,NaN,NaN
317531.9087777824,0.0012106905285479584,244.01341111044397,0.0005503281534432715,0.0006554790710173511,NaN,NaN,NaN,NaN
318288.1501557771,0.0010876356890603639,242.80086403953078,0.0004923108958537147,0.0005909224345842374,NaN,NaN,NaN,NaN
319059.7401333947,0.0009742979633940531,241.61683652819488,0.00043909870721093875,0.000531241519016693,NaN,NaN,NaN,NaN
319847.0024093687,0.0008701964055139197,240.41133528824403,0.0003904360446976595,0.0004762125879278603,NaN,NaN,NaN,NaN
320650.1702924922,0.0007748604739400605,239.18429419059615,0.00034607048382799814,0.0004256191372738903,NaN,NaN,NaN,NaN
321469.58269224025,0.0006878063919512752,237.93551345553087,0.0003057453445757619,0.0003792357497138091,NaN,NaN,NaN,NaN
322305.47856629477,0.0006085638770904956,236.66497596225366,0.00026921217706926085,0.00033684223308878684,NaN,NaN,NaN,NaN
323158.1645452193,0.0005366592010216743,235.37259445948843,0.00023622300524868588,0.0002982145045347964,NaN,NaN,NaN,NaN
324027.91690252064,0.0004716275656297848,234.05836380356567,0.00020653609497114805,0.0002631311496122114,NaN,NaN,NaN,NaN
324914.9988978933,0.00041301246319695365,232.72233746762052,0.00017991569058720545,0.00023137304868884874,NaN,NaN,NaN,NaN
325819.74537667783,0.0003603624502509197,231.36450416485994,0.00015613060629321394,0.00020272157287630946,NaN,NaN,NaN,NaN
326742.34850589605,0.0003132457355164839,229.98511310134495,0.0001349608120139493,0.00017696652692442518,NaN,NaN,NaN,NaN
327683.1634305838,0.0002712342979824971,228.58422036840304,0.00011619030012678006,0.00015389746525938964,NaN,NaN,NaN,NaN
328642.36106303695,0.0002339230571010059,227.16221159102554,9.961563912385764e-05,0.0001333142300126411,NaN,NaN,NaN,NaN
329620.321245665,0.00020091388030705432,225.71922281300147,8.503883428513185e-05,0.00011501816333570132,NaN,NaN,NaN,NaN
330617.19122584315,0.00017183389736436948,224.25579906930233,7.227536848999993e-05,9.882230496260555e-05,NaN,NaN,NaN,NaN
331633.28273048555,0.00014632224207150943,222.7723140938967,6.114829616236165e-05,8.454409433995941e-05,NaN,NaN,NaN,NaN
332668.8721072342,0.00012403825294524933,221.26927221591524,5.149176698001833e-05,7.201001301523944e-05,NaN,NaN,NaN,NaN
333724.1614876799,0.00010466205587475756,219.74736967864493,4.315115834572679e-05,6.105603149086258e-05,NaN,NaN,NaN,NaN
334799.4705575195,8.789125502383265e-05,218.20722544777874,3.598154293431523e-05,5.152584571739261e-05,NaN,NaN,NaN,NaN
335894.9423970569,7.34463055405306e-05,216.6498112638062,2.984985567982184e-05,4.3274059110078275e-05,NaN,NaN,NaN,NaN
337010.9376441743,6.106464869763257e-05,215.07589832531636,2.463226744976135e-05,3.616296796364087e-05,NaN,NaN,NaN,NaN
338147.5959389676,5.050648317584252e-05,213.48668878155536,2.0216472203933382e-05,3.006601981196287e-05,NaN,NaN,NaN,NaN
339305.2101777683,4.154995983858526e-05,211.88329750976757,1.6499511921138315e-05,2.486520272584216e-05,NaN,NaN,NaN,NaN
340484.0396575895,3.399301731934769e-05,210.2670276301832,1.338838527163016e-05,2.045226315498539e-05,NaN,NaN,NaN,NaN
341684.29747624084,2.7652572925665127e-05,208.6393971775306,1.0799539545032671e-05,1.6728407130115682e-05,NaN,NaN,NaN,NaN
342906.26411340054,2.236312410316714e-05,207.00199733179193,8.658128953523296e-06,1.3603648281084649e-05,NaN,NaN,NaN,NaN
344150.13995470444,1.7976674427249957e-05,205.3567047138889,6.897812449940903e-06,1.0996935062608254e-05,NaN,NaN,NaN,NaN
345416.27433422435,1.4360916399479205e-05,203.7053928743676,5.459853916332651e-06,8.835240146132444e-06,NaN,NaN,NaN,NaN
346704.8609750691,1.1399281822097174e-05,202.0503485817333,4.292972975191334e-06,7.053758507355584e-06,NaN,NaN,NaN,NaN
348016.2377231803,8.988964244711545e-06,200.3938977141264,3.3523991147500445e-06,5.594883376767564e-06,NaN,NaN,NaN,NaN
349362.90069429274,7.040419419293391e-06,200.0,2.6256969308331676e-06,4.382076121578807e-06,NaN,NaN,NaN,NaN
350748.57372696314,5.475922558721165e-06,200.0,2.0422239357662195e-06,3.4083068151350402e-06,NaN,NaN,NaN,NaN
352174.5067395167,4.228548107594532e-06,200.0,1.5770205049950987e-06,2.6319198598394002e-06,NaN,NaN,NaN,NaN
353641.7893604721,3.2412958846859875e-06,200.0,1.2088286435066312e-06,2.0174373788486116e-06,NaN,NaN,NaN,NaN
355151.7637617544,2.4656879206701485e-06,200.0,9.195686819388098e-07,1.5346858641439264e-06,NaN,NaN,NaN,NaN
356705.6263772093,1.8610581081158105e-06,200.0,6.940743543191216e-07,1.1583540426719954e-06,NaN,NaN,NaN,NaN
358304.7484817434,1.3934169165906818e-06,200.0,5.196693979959469e-07,8.672862558249163e-07,NaN,NaN,NaN,NaN
359950.40576758963,1.0346806085429542e-06,200.0,3.8588009271136514e-07,6.440027103686057e-07,NaN,NaN,NaN,NaN
361644.0422704598,7.617763902136111e-07,200.0,2.8410153012812935e-07,4.741425092359907e-07,NaN,NaN,NaN,NaN
363387.14247078984,5.559474661168504e-07,200.0,2.0733843661177759e-07,3.460311056819683e-07,NaN,NaN,NaN,NaN
365181.0458999272,4.020924281405785e-07,200.0,1.4995880097523156e-07,2.502691278866045e-07,NaN,NaN,NaN,NaN
367027.3757083259,2.8812631499000464e-07,200.0,1.07455584093235e-07,1.7933469154638988e-07,NaN,NaN,NaN,NaN
368927.58920031134,2.045018714837472e-07,200.0,7.626817442623409e-08,1.2728542356316716e-07,NaN,NaN,NaN,NaN
370883.43544392753,1.4372721644232957e-07,200.0,5.360250414281358e-08,8.945825038022143e-08,NaN,NaN,NaN,NaN
372896.39086143544,9.999999776482562e-08,200.0,3.729460868409158e-08,6.2241689914428e-08,NaN,NaN,NaN,NaN
